{
  "slides/chapter_1_50052f5ae7dbd75eaf808625828fa0a0.md": [
    {
      "timing": 0,
      "state": {
        "indexh": 0,
        "indexf": -1
      }
    }
  ],
  "slides/chapter_1_9ef46453f6f5df6af0792122ac091c86.md": [
    {
      "timing": 0,
      "state": {
        "indexh": 0,
        "indexf": -1
      }
    },
    {
      "timing": 0.2864986131171218,
      "state": {
        "indexh": 1,
        "indexf": -1
      }
    },
    {
      "timing": 0.2864986131171218,
      "state": {
        "indexh": 0,
        "indexf": 0
      }
    }
  ]
}